case_id,url,task_description,max_seq_len,min_seq_len,transformer_cfg_file_url,training_args_file_url,weights_file_url,circuit_file_url,transformer_cfg.n_layers,transformer_cfg.d_model,transformer_cfg.n_ctx,transformer_cfg.d_head,transformer_cfg.model_name,transformer_cfg.n_heads,transformer_cfg.d_mlp,transformer_cfg.act_fn,transformer_cfg.d_vocab,transformer_cfg.eps,transformer_cfg.use_attn_result,transformer_cfg.use_attn_scale,transformer_cfg.use_split_qkv_input,transformer_cfg.use_hook_mlp_in,transformer_cfg.use_attn_in,transformer_cfg.use_local_attn,transformer_cfg.original_architecture,transformer_cfg.from_checkpoint,transformer_cfg.tokenizer_name,transformer_cfg.init_mode,transformer_cfg.normalization_type,transformer_cfg.n_devices,transformer_cfg.attention_dir,transformer_cfg.attn_only,transformer_cfg.seed,transformer_cfg.initializer_range,transformer_cfg.init_weights,transformer_cfg.scale_attn_by_inverse_layer_idx,transformer_cfg.positional_embedding_type,transformer_cfg.final_rms,transformer_cfg.d_vocab_out,transformer_cfg.parallel_attn_mlp,transformer_cfg.n_params,transformer_cfg.use_hook_tokens,transformer_cfg.gated_mlp,transformer_cfg.default_prepend_bos,transformer_cfg.dtype,transformer_cfg.tokenizer_prepends_bos,transformer_cfg.post_embedding_ln,transformer_cfg.rotary_base,transformer_cfg.trust_remote_code,transformer_cfg.rotary_adjacent_pairs,transformer_cfg.load_in_4bit,training_args.output_dir,training_args.atol,training_args.lr,training_args.use_single_loss,training_args.iit_weight,training_args.behavior_weight,training_args.strict_weight,training_args.epochs,training_args.early_stop_accuracy_threshold,training_args.act_fn,training_args.use_wandb,training_args.save_model_to_wandb,training_args.clip_grad_norm,training_args.lr_scheduler,training_args.model_pair,training_args.same_size,training_args.seed,training_args.batch_size,training_args.include_mlp,training_args.detach_while_caching,training_args.scheduler_val_metric,training_args.siit_sampling,training_args.val_iia_sampling,training_args.next_token,training_args.non_ioi_thresh,training_args.use_per_token_check,training_args.num_workers,training_args.early_stop,training_args.scheduler_mode,training_args.val_IIA_sampling,training_args.use_all_tokens_for_behavior,training_args.optimizer_kwargs.betas
52,https://huggingface.co/cybershiptrooper/InterpBench/tree/main/52,Takes the square root of each element.,10,4,https://huggingface.co/cybershiptrooper/InterpBench/blob/main/52/ll_model_cfg.pkl,https://huggingface.co/cybershiptrooper/InterpBench/blob/main/52/meta.json,https://huggingface.co/cybershiptrooper/InterpBench/blob/main/52/ll_model.pth,https://huggingface.co/cybershiptrooper/InterpBench/blob/main/52/edges.pkl,2,4,10,1,custom,4,16,gelu,13,1e-05,True,True,True,True,False,False,,False,,gpt2,,1,causal,False,0.0,0.1392621247645583,True,False,standard,False,11,False,384,False,False,True,torch.float32,False,False,10000,False,False,False,/circuits-benchmark/results,0.05,0.001,True,1.0,0.4,0.7,1000.0,99.9,gelu,True,True,0.1,linear,strict,False,67.0,256.0,False,True,"val/accuracy,val/IIA,val/strict_accuracy",sample_all,all,True,,True,,True,,,True,
7,https://huggingface.co/cybershiptrooper/InterpBench/tree/main/7,Returns the number of times each token occurs in the input.,10,4,https://huggingface.co/cybershiptrooper/InterpBench/blob/main/7/ll_model_cfg.pkl,https://huggingface.co/cybershiptrooper/InterpBench/blob/main/7/meta.json,https://huggingface.co/cybershiptrooper/InterpBench/blob/main/7/ll_model.pth,https://huggingface.co/cybershiptrooper/InterpBench/blob/main/7/edges.pkl,2,17,10,4,custom,4,68,gelu,5,1e-05,True,True,True,True,False,False,,False,,gpt2,,1,bidirectional,False,0.0,0.15689290811054724,True,False,standard,False,10,False,6800,False,False,True,torch.float32,False,False,10000,False,False,True,,0.05,0.01,False,1.0,1.0,0.5,2000.0,,gelu,True,True,0.1,,strict,False,1234.0,256.0,False,True,,,,False,,True,,True,,,True,
13,https://huggingface.co/cybershiptrooper/InterpBench/tree/main/13,"Analyzes the trend (increasing, decreasing, constant) of numeric tokens.",10,4,https://huggingface.co/cybershiptrooper/InterpBench/blob/main/13/ll_model_cfg.pkl,https://huggingface.co/cybershiptrooper/InterpBench/blob/main/13/meta.json,https://huggingface.co/cybershiptrooper/InterpBench/blob/main/13/ll_model.pth,https://huggingface.co/cybershiptrooper/InterpBench/blob/main/13/edges.pkl,2,20,10,5,custom,4,80,gelu,5,1e-05,True,True,True,True,False,False,,False,,gpt2,,1,bidirectional,False,0.0,0.1460593486680443,True,False,standard,False,3,False,9600,False,False,True,torch.float32,False,False,10000,False,False,True,,0.05,0.01,False,1.0,1.0,0.4,500.0,,gelu,True,True,1.0,,,True,,,True,True,,,,True,,True,,True,,,True,
63,https://huggingface.co/cybershiptrooper/InterpBench/tree/main/63,Replaces each element with the number of elements less than it in the sequence.,10,4,https://huggingface.co/cybershiptrooper/InterpBench/blob/main/63/ll_model_cfg.pkl,https://huggingface.co/cybershiptrooper/InterpBench/blob/main/63/meta.json,https://huggingface.co/cybershiptrooper/InterpBench/blob/main/63/ll_model.pth,https://huggingface.co/cybershiptrooper/InterpBench/blob/main/63/edges.pkl,2,24,10,6,custom,4,96,gelu,13,1e-05,True,True,True,True,False,False,,False,,gpt2,,1,bidirectional,False,0.0,0.13719886811400708,True,False,standard,False,10,False,13824,False,False,True,torch.float32,False,False,10000,False,False,False,/circuits-benchmark/results,0.05,0.001,True,1.0,0.4,0.4,1000.0,99.9,gelu,True,True,0.1,linear,strict,False,67.0,256.0,False,True,"val/accuracy,val/IIA,val/strict_accuracy",sample_all,all,True,,True,,True,,,True,
60,https://huggingface.co/cybershiptrooper/InterpBench/tree/main/60,Increment each element in the sequence by 1.,10,4,https://huggingface.co/cybershiptrooper/InterpBench/blob/main/60/ll_model_cfg.pkl,https://huggingface.co/cybershiptrooper/InterpBench/blob/main/60/meta.json,https://huggingface.co/cybershiptrooper/InterpBench/blob/main/60/ll_model.pth,https://huggingface.co/cybershiptrooper/InterpBench/blob/main/60/edges.pkl,2,4,10,1,custom,4,16,gelu,13,1e-05,True,True,True,True,False,False,,False,,gpt2,,1,causal,False,0.0,0.1392621247645583,True,False,standard,False,11,False,384,False,False,True,torch.float32,False,False,10000,False,False,False,/circuits-benchmark/results,0.05,0.001,True,1.0,0.4,0.7,1000.0,99.9,gelu,True,True,0.1,linear,strict,False,67.0,256.0,False,True,"val/accuracy,val/IIA,val/strict_accuracy",sample_all,all,True,,True,,True,,,True,
29,https://huggingface.co/cybershiptrooper/InterpBench/tree/main/29,Creates abbreviations for each token in the sequence.,10,4,https://huggingface.co/cybershiptrooper/InterpBench/blob/main/29/ll_model_cfg.pkl,https://huggingface.co/cybershiptrooper/InterpBench/blob/main/29/meta.json,https://huggingface.co/cybershiptrooper/InterpBench/blob/main/29/ll_model.pth,https://huggingface.co/cybershiptrooper/InterpBench/blob/main/29/edges.pkl,2,13,10,3,custom,4,52,gelu,10,1e-05,True,True,True,True,False,False,,False,,gpt2,,1,causal,False,0.0,0.1539600717839002,True,False,standard,False,8,False,3952,False,False,True,torch.float32,False,False,10000,False,False,True,,0.05,0.01,False,1.0,1.0,0.4,2000.0,,gelu,True,True,0.1,,strict,True,,,True,True,,,,True,,True,,True,,,True,
79,https://huggingface.co/cybershiptrooper/InterpBench/tree/main/79,Check if each number in a sequence is prime,10,4,https://huggingface.co/cybershiptrooper/InterpBench/blob/main/79/ll_model_cfg.pkl,https://huggingface.co/cybershiptrooper/InterpBench/blob/main/79/meta.json,https://huggingface.co/cybershiptrooper/InterpBench/blob/main/79/ll_model.pth,https://huggingface.co/cybershiptrooper/InterpBench/blob/main/79/edges.pkl,2,4,10,1,custom,4,16,gelu,13,1e-05,True,True,True,True,False,False,,False,,gpt2,,1,causal,False,0.0,0.16329931618554522,True,False,standard,False,2,False,384,False,False,True,torch.float32,False,False,10000,False,False,False,/circuits-benchmark/results,0.05,0.001,True,1.0,0.4,0.4,1000.0,99.9,gelu,True,True,0.1,linear,strict,False,67.0,256.0,False,True,"val/accuracy,val/IIA,val/strict_accuracy",sample_all,all,True,,True,,True,,,True,
24,https://huggingface.co/cybershiptrooper/InterpBench/tree/main/24,Identifies the first occurrence of each token in a sequence.,10,4,https://huggingface.co/cybershiptrooper/InterpBench/blob/main/24/ll_model_cfg.pkl,https://huggingface.co/cybershiptrooper/InterpBench/blob/main/24/meta.json,https://huggingface.co/cybershiptrooper/InterpBench/blob/main/24/ll_model.pth,https://huggingface.co/cybershiptrooper/InterpBench/blob/main/24/edges.pkl,2,36,10,9,custom,4,144,gelu,5,1e-05,True,True,True,True,False,False,,False,,gpt2,,1,causal,False,0.0,0.1885618083164127,True,False,standard,False,3,False,31104,False,False,True,torch.float32,False,False,10000,False,False,False,/circuits-benchmark/results,0.05,0.001,True,1.0,0.4,0.4,1000.0,99.9,gelu,True,True,0.1,linear,strict,False,67.0,256.0,False,True,"val/accuracy,val/IIA,val/strict_accuracy",sample_all,all,True,,True,,True,,,True,
82,https://huggingface.co/cybershiptrooper/InterpBench/tree/main/82,Halve the elements in the second half of the sequence.,10,4,https://huggingface.co/cybershiptrooper/InterpBench/blob/main/82/ll_model_cfg.pkl,https://huggingface.co/cybershiptrooper/InterpBench/blob/main/82/meta.json,https://huggingface.co/cybershiptrooper/InterpBench/blob/main/82/ll_model.pth,https://huggingface.co/cybershiptrooper/InterpBench/blob/main/82/edges.pkl,4,24,10,6,custom,4,96,gelu,13,1e-05,True,True,True,True,False,False,,False,,gpt2,,1,bidirectional,False,0.0,0.1059625885652035,True,False,standard,False,16,False,27648,False,False,True,torch.float32,False,False,10000,False,False,False,/circuits-benchmark/results,0.05,0.001,True,1.0,0.4,0.4,1000.0,99.9,gelu,True,True,0.1,linear,strict,False,67.0,256.0,False,True,"val/accuracy,val/IIA,val/strict_accuracy",sample_all,all,True,,True,,True,,,True,
71,https://huggingface.co/cybershiptrooper/InterpBench/tree/main/71,Divide each element by the length of the sequence,10,4,https://huggingface.co/cybershiptrooper/InterpBench/blob/main/71/ll_model_cfg.pkl,https://huggingface.co/cybershiptrooper/InterpBench/blob/main/71/meta.json,https://huggingface.co/cybershiptrooper/InterpBench/blob/main/71/ll_model.pth,https://huggingface.co/cybershiptrooper/InterpBench/blob/main/71/edges.pkl,2,24,10,6,custom,4,96,gelu,13,1e-05,True,True,True,True,False,False,,False,,gpt2,,1,bidirectional,False,0.0,0.08251369970070348,True,False,standard,False,60,False,13824,False,False,True,torch.float32,False,False,10000,False,False,False,/circuits-benchmark/results,0.05,0.001,True,0.4,0.4,1.0,3000.0,99.9,gelu,True,True,0.1,linear,strict,False,92.0,256.0,False,True,"val/accuracy,val/IIA,val/strict_accuracy",sample_all,all,True,,True,,True,,,True,
31,https://huggingface.co/cybershiptrooper/InterpBench/tree/main/31,Identify if tokens in the sequence are anagrams of the word 'listen'.,10,4,https://huggingface.co/cybershiptrooper/InterpBench/blob/main/31/ll_model_cfg.pkl,https://huggingface.co/cybershiptrooper/InterpBench/blob/main/31/meta.json,https://huggingface.co/cybershiptrooper/InterpBench/blob/main/31/ll_model.pth,https://huggingface.co/cybershiptrooper/InterpBench/blob/main/31/edges.pkl,2,4,10,1,custom,4,16,gelu,11,1e-05,True,True,True,True,False,False,,False,,gpt2,,1,causal,False,0.0,0.17056057308448835,True,False,standard,False,2,False,384,False,False,True,torch.float32,False,False,10000,False,False,False,/circuits-benchmark/results,0.05,0.001,True,1.0,0.4,0.4,1000.0,99.9,gelu,True,True,0.1,linear,strict,False,67.0,256.0,False,True,"val/accuracy,val/IIA,val/strict_accuracy",sample_all,all,True,,True,,True,,,True,
72,https://huggingface.co/cybershiptrooper/InterpBench/tree/main/72,Negate each element in the input sequence.,10,4,https://huggingface.co/cybershiptrooper/InterpBench/blob/main/72/ll_model_cfg.pkl,https://huggingface.co/cybershiptrooper/InterpBench/blob/main/72/meta.json,https://huggingface.co/cybershiptrooper/InterpBench/blob/main/72/ll_model.pth,https://huggingface.co/cybershiptrooper/InterpBench/blob/main/72/edges.pkl,2,4,10,1,custom,4,16,gelu,22,1e-05,True,True,True,True,False,False,,False,,gpt2,,1,causal,False,0.0,0.11202240672224079,True,False,standard,False,20,False,384,False,False,True,torch.float32,False,False,10000,False,False,False,/circuits-benchmark/results,0.05,0.001,True,1.0,0.4,0.7,1000.0,99.9,gelu,True,True,0.1,linear,strict,False,67.0,256.0,False,True,"val/accuracy,val/IIA,val/strict_accuracy",sample_all,all,True,,True,,True,,,True,
104,https://huggingface.co/cybershiptrooper/InterpBench/tree/main/104,Apply exponential function to all elements of the input sequence.,10,4,https://huggingface.co/cybershiptrooper/InterpBench/blob/main/104/ll_model_cfg.pkl,https://huggingface.co/cybershiptrooper/InterpBench/blob/main/104/meta.json,https://huggingface.co/cybershiptrooper/InterpBench/blob/main/104/ll_model.pth,https://huggingface.co/cybershiptrooper/InterpBench/blob/main/104/edges.pkl,2,4,10,1,custom,4,16,gelu,13,1e-05,True,True,True,True,False,False,,False,,gpt2,,1,causal,False,0.0,0.1392621247645583,True,False,standard,False,11,False,384,False,False,True,torch.float32,False,False,10000,False,False,False,/circuits-benchmark/results,0.05,0.001,True,1.0,0.4,0.7,1000.0,99.9,gelu,True,True,0.1,linear,strict,False,67.0,256.0,False,True,"val/accuracy,val/IIA,val/strict_accuracy",sample_all,all,True,,True,,True,,,True,
18,https://huggingface.co/cybershiptrooper/InterpBench/tree/main/18,"Classify each token based on its frequency as 'rare', 'common', or 'frequent'.",10,4,https://huggingface.co/cybershiptrooper/InterpBench/blob/main/18/ll_model_cfg.pkl,https://huggingface.co/cybershiptrooper/InterpBench/blob/main/18/meta.json,https://huggingface.co/cybershiptrooper/InterpBench/blob/main/18/ll_model.pth,https://huggingface.co/cybershiptrooper/InterpBench/blob/main/18/edges.pkl,2,26,10,6,custom,4,104,gelu,7,1e-05,True,True,True,True,False,False,,False,,gpt2,,1,bidirectional,False,0.0,0.12344267996967354,True,False,standard,False,3,False,15808,False,False,True,torch.float32,False,False,10000,False,False,True,,0.05,0.001,False,1.0,1.0,1.0,2000.0,,gelu,True,True,0.1,,strict,True,,,True,True,,,,True,,True,,True,,,True,
110,https://huggingface.co/cybershiptrooper/InterpBench/tree/main/110,"Inserts zeros between each element, removing the latter half of the list.",10,4,https://huggingface.co/cybershiptrooper/InterpBench/blob/main/110/ll_model_cfg.pkl,https://huggingface.co/cybershiptrooper/InterpBench/blob/main/110/meta.json,https://huggingface.co/cybershiptrooper/InterpBench/blob/main/110/ll_model.pth,https://huggingface.co/cybershiptrooper/InterpBench/blob/main/110/edges.pkl,2,20,10,5,custom,4,80,gelu,13,1e-05,True,True,True,True,False,False,,False,,gpt2,,1,bidirectional,False,0.0,0.11925695879998878,True,False,standard,False,11,False,9600,False,False,True,torch.float32,False,False,10000,False,False,False,/circuits-benchmark/results,0.05,0.001,True,1.0,0.4,0.4,1000.0,99.9,gelu,True,True,0.1,linear,strict,False,67.0,256.0,False,True,"val/accuracy,val/IIA,val/strict_accuracy",sample_all,all,True,,True,,True,,,True,
69,https://huggingface.co/cybershiptrooper/InterpBench/tree/main/69,"Assign -1, 0, or 1 to each element of the input sequence based on its sign.",10,4,https://huggingface.co/cybershiptrooper/InterpBench/blob/main/69/ll_model_cfg.pkl,https://huggingface.co/cybershiptrooper/InterpBench/blob/main/69/meta.json,https://huggingface.co/cybershiptrooper/InterpBench/blob/main/69/ll_model.pth,https://huggingface.co/cybershiptrooper/InterpBench/blob/main/69/edges.pkl,2,4,10,1,custom,4,16,gelu,13,1e-05,True,True,True,True,False,False,,False,,gpt2,,1,causal,False,0.0,0.16329931618554522,True,False,standard,False,2,False,384,False,False,True,torch.float32,False,False,10000,False,False,False,/circuits-benchmark/results,0.05,0.001,True,1.0,0.4,0.4,1000.0,99.9,gelu,True,True,0.1,linear,strict,False,67.0,256.0,False,True,"val/accuracy,val/IIA,val/strict_accuracy",sample_all,all,True,,True,,True,,,True,
87,https://huggingface.co/cybershiptrooper/InterpBench/tree/main/87,Binarize a sequence of integers using a threshold.,10,4,https://huggingface.co/cybershiptrooper/InterpBench/blob/main/87/ll_model_cfg.pkl,https://huggingface.co/cybershiptrooper/InterpBench/blob/main/87/meta.json,https://huggingface.co/cybershiptrooper/InterpBench/blob/main/87/ll_model.pth,https://huggingface.co/cybershiptrooper/InterpBench/blob/main/87/edges.pkl,2,4,10,1,custom,4,16,gelu,13,1e-05,True,True,True,True,False,False,,False,,gpt2,,1,causal,False,0.0,0.16329931618554522,True,False,standard,False,2,False,384,False,False,True,torch.float32,False,False,10000,False,False,False,/circuits-benchmark/results,0.05,0.001,True,1.0,0.4,0.4,1000.0,99.9,gelu,True,True,0.1,linear,strict,False,67.0,256.0,False,True,"val/accuracy,val/IIA,val/strict_accuracy",sample_all,all,True,,True,,True,,,True,
80,https://huggingface.co/cybershiptrooper/InterpBench/tree/main/80,Subtract a constant from each element of the input sequence.,10,4,https://huggingface.co/cybershiptrooper/InterpBench/blob/main/80/ll_model_cfg.pkl,https://huggingface.co/cybershiptrooper/InterpBench/blob/main/80/meta.json,https://huggingface.co/cybershiptrooper/InterpBench/blob/main/80/ll_model.pth,https://huggingface.co/cybershiptrooper/InterpBench/blob/main/80/edges.pkl,2,4,10,1,custom,4,16,gelu,13,1e-05,True,True,True,True,False,False,,False,,gpt2,,1,causal,False,0.0,0.1392621247645583,True,False,standard,False,11,False,384,False,False,True,torch.float32,False,False,10000,False,False,False,/circuits-benchmark/results,0.05,0.001,True,1.0,0.4,0.7,1000.0,99.9,gelu,True,True,0.1,linear,strict,False,67.0,256.0,False,True,"val/accuracy,val/IIA,val/strict_accuracy",sample_all,all,True,,True,,True,,,True,
83,https://huggingface.co/cybershiptrooper/InterpBench/tree/main/83,Triple each element in the sequence.,10,4,https://huggingface.co/cybershiptrooper/InterpBench/blob/main/83/ll_model_cfg.pkl,https://huggingface.co/cybershiptrooper/InterpBench/blob/main/83/meta.json,https://huggingface.co/cybershiptrooper/InterpBench/blob/main/83/ll_model.pth,https://huggingface.co/cybershiptrooper/InterpBench/blob/main/83/edges.pkl,2,4,10,1,custom,4,16,gelu,13,1e-05,True,True,True,True,False,False,,False,,gpt2,,1,causal,False,0.0,0.1392621247645583,True,False,standard,False,11,False,384,False,False,True,torch.float32,False,False,10000,False,False,False,/circuits-benchmark/results,0.05,0.001,True,1.0,0.4,0.7,1000.0,99.9,gelu,True,True,0.1,linear,strict,False,67.0,256.0,False,True,"val/accuracy,val/IIA,val/strict_accuracy",sample_all,all,True,,True,,True,,,True,
45,https://huggingface.co/cybershiptrooper/InterpBench/tree/main/45,Doubles the first half of the sequence,10,4,https://huggingface.co/cybershiptrooper/InterpBench/blob/main/45/ll_model_cfg.pkl,https://huggingface.co/cybershiptrooper/InterpBench/blob/main/45/meta.json,https://huggingface.co/cybershiptrooper/InterpBench/blob/main/45/ll_model.pth,https://huggingface.co/cybershiptrooper/InterpBench/blob/main/45/edges.pkl,3,24,10,6,custom,4,96,gelu,13,1e-05,True,True,True,True,False,False,,False,,gpt2,,1,bidirectional,False,0.0,0.11094003924504584,True,False,standard,False,16,False,20736,False,False,True,torch.float32,False,False,10000,False,False,False,/circuits-benchmark/results,0.05,0.001,True,1.0,0.4,0.4,1000.0,99.9,gelu,True,True,0.1,linear,strict,False,67.0,256.0,False,True,"val/accuracy,val/IIA,val/strict_accuracy",sample_all,all,True,,True,,True,,,True,
114,https://huggingface.co/cybershiptrooper/InterpBench/tree/main/114,Apply a logarithm base 10 to each element of the input sequence.,10,4,https://huggingface.co/cybershiptrooper/InterpBench/blob/main/114/ll_model_cfg.pkl,https://huggingface.co/cybershiptrooper/InterpBench/blob/main/114/meta.json,https://huggingface.co/cybershiptrooper/InterpBench/blob/main/114/ll_model.pth,https://huggingface.co/cybershiptrooper/InterpBench/blob/main/114/edges.pkl,2,4,10,1,custom,4,16,gelu,12,1e-05,True,True,True,True,False,False,,False,,gpt2,,1,causal,False,0.0,0.14368424162141993,True,False,standard,False,10,False,384,False,False,True,torch.float32,False,False,10000,False,False,False,/circuits-benchmark/results,0.05,0.001,True,1.0,0.4,0.4,1000.0,99.9,gelu,True,True,0.1,linear,strict,False,67.0,256.0,False,True,"val/accuracy,val/IIA,val/strict_accuracy",sample_all,all,True,,True,,True,,,True,
33,https://huggingface.co/cybershiptrooper/InterpBench/tree/main/33,Checks if each token's length is odd or even.,10,4,https://huggingface.co/cybershiptrooper/InterpBench/blob/main/33/ll_model_cfg.pkl,https://huggingface.co/cybershiptrooper/InterpBench/blob/main/33/meta.json,https://huggingface.co/cybershiptrooper/InterpBench/blob/main/33/ll_model.pth,https://huggingface.co/cybershiptrooper/InterpBench/blob/main/33/edges.pkl,2,4,10,1,custom,4,16,gelu,10,1e-05,True,True,True,True,False,False,,False,,gpt2,,1,causal,False,0.0,0.17457431218879393,True,False,standard,False,2,False,384,False,False,True,torch.float32,False,False,10000,False,False,True,,0.05,0.001,False,1.0,1.0,0.4,2000.0,,gelu,True,True,0.1,,,True,,,True,True,,,,True,,True,,True,,,True,
ioi,https://huggingface.co/cybershiptrooper/InterpBench/tree/main/ioi,Indirect Object Identification (IOI) task.,16,16,https://huggingface.co/cybershiptrooper/InterpBench/blob/main/ioi/ll_model_cfg.pkl,https://huggingface.co/cybershiptrooper/InterpBench/blob/main/ioi/meta.json,https://huggingface.co/cybershiptrooper/InterpBench/blob/main/ioi/ll_model.pth,https://huggingface.co/cybershiptrooper/InterpBench/blob/main/ioi/edges.pkl,6,64,1024,16,gpt2,4,3072,gelu_new,50257,1e-05,False,True,False,False,False,False,GPT2LMHeadModel,False,gpt2,gpt2,LNPre,1,causal,False,,0.02886751345948129,False,False,standard,False,50257,False,84934656,False,False,True,torch.float32,False,False,10000,False,False,True,,0.05,0.001,False,1.0,1.0,0.4,,,,True,True,1.0,,,True,0.0,512.0,True,True,"val/accuracy,val/IIA",individual,,False,0.65,False,0.0,True,max,random,False,"0.9,0.9"
55,https://huggingface.co/cybershiptrooper/InterpBench/tree/main/55,Applies the hyperbolic sine to each element.,10,4,https://huggingface.co/cybershiptrooper/InterpBench/blob/main/55/ll_model_cfg.pkl,https://huggingface.co/cybershiptrooper/InterpBench/blob/main/55/meta.json,https://huggingface.co/cybershiptrooper/InterpBench/blob/main/55/ll_model.pth,https://huggingface.co/cybershiptrooper/InterpBench/blob/main/55/edges.pkl,2,4,10,1,custom,4,16,gelu,13,1e-05,True,True,True,True,False,False,,False,,gpt2,,1,causal,False,0.0,0.1392621247645583,True,False,standard,False,11,False,384,False,False,True,torch.float32,False,False,10000,False,False,False,/circuits-benchmark/results,0.05,0.001,True,1.0,0.4,0.7,1000.0,99.9,gelu,True,True,0.1,linear,strict,False,67.0,256.0,False,True,"val/accuracy,val/IIA,val/strict_accuracy",sample_all,all,True,,True,,True,,,True,
21,https://huggingface.co/cybershiptrooper/InterpBench/tree/main/21,Extract unique tokens from a string,10,4,https://huggingface.co/cybershiptrooper/InterpBench/blob/main/21/ll_model_cfg.pkl,https://huggingface.co/cybershiptrooper/InterpBench/blob/main/21/meta.json,https://huggingface.co/cybershiptrooper/InterpBench/blob/main/21/ll_model.pth,https://huggingface.co/cybershiptrooper/InterpBench/blob/main/21/edges.pkl,4,50,10,12,custom,4,200,gelu,5,1e-05,True,True,True,True,False,False,,False,,gpt2,,1,causal,False,0.0,0.09847319278346618,True,False,standard,False,3,False,118400,False,False,True,torch.float32,False,False,10000,False,False,True,,0.05,0.0005,False,1.0,1.0,0.5,2000.0,,gelu,True,True,0.1,,strict,True,,,True,True,,,,True,,True,,True,,,True,
4,https://huggingface.co/cybershiptrooper/InterpBench/tree/main/4,Return fraction of previous open tokens minus the fraction of close tokens.,10,4,https://huggingface.co/cybershiptrooper/InterpBench/blob/main/4/ll_model_cfg.pkl,https://huggingface.co/cybershiptrooper/InterpBench/blob/main/4/meta.json,https://huggingface.co/cybershiptrooper/InterpBench/blob/main/4/ll_model.pth,https://huggingface.co/cybershiptrooper/InterpBench/blob/main/4/edges.pkl,2,20,10,5,custom,4,80,gelu,7,1e-05,True,True,True,True,False,False,,False,,gpt2,,1,causal,False,0.0,0.17056057308448835,True,False,standard,False,1,False,9600,False,False,True,torch.float32,False,False,10000,False,False,True,,0.05,0.001,False,1.0,1.0,0.4,2000.0,,gelu,True,True,0.1,,,True,,,True,True,,,,True,,True,,True,,,True,
30,https://huggingface.co/cybershiptrooper/InterpBench/tree/main/30,Tags numeric tokens in a sequence based on whether they fall within a given range.,10,4,https://huggingface.co/cybershiptrooper/InterpBench/blob/main/30/ll_model_cfg.pkl,https://huggingface.co/cybershiptrooper/InterpBench/blob/main/30/meta.json,https://huggingface.co/cybershiptrooper/InterpBench/blob/main/30/ll_model.pth,https://huggingface.co/cybershiptrooper/InterpBench/blob/main/30/edges.pkl,2,4,10,1,custom,4,16,gelu,32,1e-05,True,True,True,True,False,False,,False,,gpt2,,1,causal,False,0.0,0.12199885626608374,True,False,standard,False,2,False,384,False,False,True,torch.float32,False,False,10000,False,False,False,/circuits-benchmark/results,0.05,0.001,True,1.0,0.4,0.4,1000.0,99.9,gelu,True,True,0.1,linear,strict,False,67.0,256.0,False,True,"val/accuracy,val/IIA,val/strict_accuracy",sample_all,all,True,,True,,True,,,True,
90,https://huggingface.co/cybershiptrooper/InterpBench/tree/main/90,Replaces a specific token with another one.,10,4,https://huggingface.co/cybershiptrooper/InterpBench/blob/main/90/ll_model_cfg.pkl,https://huggingface.co/cybershiptrooper/InterpBench/blob/main/90/meta.json,https://huggingface.co/cybershiptrooper/InterpBench/blob/main/90/ll_model.pth,https://huggingface.co/cybershiptrooper/InterpBench/blob/main/90/edges.pkl,2,4,10,1,custom,4,16,gelu,12,1e-05,True,True,True,True,False,False,,False,,gpt2,,1,causal,False,0.0,0.1460593486680443,True,False,standard,False,9,False,384,False,False,True,torch.float32,False,False,10000,False,False,False,/circuits-benchmark/results,0.05,0.001,True,1.0,0.4,0.4,1000.0,99.9,gelu,True,True,0.1,linear,strict,False,82.0,256.0,False,True,"val/accuracy,val/IIA,val/strict_accuracy",sample_all,all,True,,True,,True,,,True,
39,https://huggingface.co/cybershiptrooper/InterpBench/tree/main/39,Returns the fraction of 'x' in the input up to the i-th position for all i.,60,4,https://huggingface.co/cybershiptrooper/InterpBench/blob/main/39/ll_model_cfg.pkl,https://huggingface.co/cybershiptrooper/InterpBench/blob/main/39/meta.json,https://huggingface.co/cybershiptrooper/InterpBench/blob/main/39/ll_model.pth,https://huggingface.co/cybershiptrooper/InterpBench/blob/main/39/edges.pkl,2,120,60,30,custom,4,480,gelu,28,1e-05,True,True,True,True,False,False,,False,,gpt2,,1,causal,False,0.0,0.08432740427115679,True,False,standard,False,1,False,345600,False,False,True,torch.float32,False,False,10000,False,False,False,/circuits-benchmark/results,0.05,0.001,True,1.0,0.4,0.4,1000.0,99.9,gelu,True,True,0.1,linear,strict,False,67.0,256.0,False,True,"val/accuracy,val/IIA,val/strict_accuracy",sample_all,all,True,,True,,True,,,True,
130,https://huggingface.co/cybershiptrooper/InterpBench/tree/main/130,"Clips each element to be within a range (make the default range [2, 7]).",10,4,https://huggingface.co/cybershiptrooper/InterpBench/blob/main/130/ll_model_cfg.pkl,https://huggingface.co/cybershiptrooper/InterpBench/blob/main/130/meta.json,https://huggingface.co/cybershiptrooper/InterpBench/blob/main/130/ll_model.pth,https://huggingface.co/cybershiptrooper/InterpBench/blob/main/130/edges.pkl,3,4,10,1,custom,4,16,gelu,32,1e-05,True,True,True,True,False,False,,False,,gpt2,,1,causal,False,0.0,0.10079052613579392,True,False,standard,False,6,False,576,False,False,True,torch.float32,False,False,10000,False,False,False,/circuits-benchmark/results,0.05,0.001,True,1.0,0.4,1.0,1000.0,99.9,gelu,True,True,0.1,linear,strict,False,67.0,256.0,False,True,"val/accuracy,val/IIA,val/strict_accuracy",sample_all,all,True,,True,,True,,,True,
75,https://huggingface.co/cybershiptrooper/InterpBench/tree/main/75,Double each element of the input sequence.,10,4,https://huggingface.co/cybershiptrooper/InterpBench/blob/main/75/ll_model_cfg.pkl,https://huggingface.co/cybershiptrooper/InterpBench/blob/main/75/meta.json,https://huggingface.co/cybershiptrooper/InterpBench/blob/main/75/ll_model.pth,https://huggingface.co/cybershiptrooper/InterpBench/blob/main/75/edges.pkl,2,4,10,1,custom,4,16,gelu,13,1e-05,True,True,True,True,False,False,,False,,gpt2,,1,causal,False,0.0,0.1392621247645583,True,False,standard,False,11,False,384,False,False,True,torch.float32,False,False,10000,False,False,False,/circuits-benchmark/results,0.05,0.001,True,1.0,0.4,0.7,1000.0,99.9,gelu,True,True,0.1,linear,strict,False,67.0,256.0,False,True,"val/accuracy,val/IIA,val/strict_accuracy",sample_all,all,True,,True,,True,,,True,
101,https://huggingface.co/cybershiptrooper/InterpBench/tree/main/101,Check if each element is a square of an integer.,10,4,https://huggingface.co/cybershiptrooper/InterpBench/blob/main/101/ll_model_cfg.pkl,https://huggingface.co/cybershiptrooper/InterpBench/blob/main/101/meta.json,https://huggingface.co/cybershiptrooper/InterpBench/blob/main/101/ll_model.pth,https://huggingface.co/cybershiptrooper/InterpBench/blob/main/101/edges.pkl,2,4,10,1,custom,4,16,gelu,32,1e-05,True,True,True,True,False,False,,False,,gpt2,,1,causal,False,0.0,0.12199885626608374,True,False,standard,False,2,False,384,False,False,True,torch.float32,False,False,10000,False,False,False,/circuits-benchmark/results,0.05,0.001,True,1.0,0.4,0.4,1000.0,99.9,gelu,True,True,0.1,linear,strict,False,67.0,256.0,False,True,"val/accuracy,val/IIA,val/strict_accuracy",sample_all,all,True,,True,,True,,,True,
ioi_next_token,https://huggingface.co/cybershiptrooper/InterpBench/tree/main/ioi_next_token,"Indirect Object Identification (IOI) task, trained using next token prediction.",16,16,https://huggingface.co/cybershiptrooper/InterpBench/blob/main/ioi_next_token/ll_model_cfg.pkl,https://huggingface.co/cybershiptrooper/InterpBench/blob/main/ioi_next_token/meta.json,https://huggingface.co/cybershiptrooper/InterpBench/blob/main/ioi_next_token/ll_model.pth,https://huggingface.co/cybershiptrooper/InterpBench/blob/main/ioi_next_token/edges.pkl,6,64,1024,16,gpt2,4,3072,gelu_new,50257,1e-05,False,True,False,False,False,False,GPT2LMHeadModel,False,gpt2,gpt2,LNPre,1,causal,False,,0.02886751345948129,True,False,standard,False,50257,False,2457600,False,False,True,torch.float32,False,False,10000,False,False,True,,0.05,0.001,False,1.0,1.0,0.4,,,,True,True,1.0,,,True,,256.0,True,True,"val/accuracy,val/IIA",,,True,0.65,False,0.0,True,max,,True,
65,https://huggingface.co/cybershiptrooper/InterpBench/tree/main/65,Calculate the cube root of each element in the input sequence.,10,4,https://huggingface.co/cybershiptrooper/InterpBench/blob/main/65/ll_model_cfg.pkl,https://huggingface.co/cybershiptrooper/InterpBench/blob/main/65/meta.json,https://huggingface.co/cybershiptrooper/InterpBench/blob/main/65/ll_model.pth,https://huggingface.co/cybershiptrooper/InterpBench/blob/main/65/edges.pkl,2,4,10,1,custom,4,16,gelu,13,1e-05,True,True,True,True,False,False,,False,,gpt2,,1,causal,False,0.0,0.1392621247645583,True,False,standard,False,11,False,384,False,False,True,torch.float32,False,False,10000,False,False,False,/circuits-benchmark/results,0.05,0.001,True,1.0,0.4,0.7,1000.0,99.9,gelu,True,True,0.1,linear,strict,False,67.0,256.0,False,True,"val/accuracy,val/IIA,val/strict_accuracy",sample_all,all,True,,True,,True,,,True,
91,https://huggingface.co/cybershiptrooper/InterpBench/tree/main/91,Set all values below a threshold to 0,10,4,https://huggingface.co/cybershiptrooper/InterpBench/blob/main/91/ll_model_cfg.pkl,https://huggingface.co/cybershiptrooper/InterpBench/blob/main/91/meta.json,https://huggingface.co/cybershiptrooper/InterpBench/blob/main/91/ll_model.pth,https://huggingface.co/cybershiptrooper/InterpBench/blob/main/91/edges.pkl,2,4,10,1,custom,4,16,gelu,13,1e-05,True,True,True,True,False,False,,False,,gpt2,,1,causal,False,0.0,0.14368424162141993,True,False,standard,False,9,False,384,False,False,True,torch.float32,False,False,10000,False,False,False,/circuits-benchmark/results,0.05,0.001,True,0.4,0.4,1.0,3000.0,99.9,gelu,True,True,0.1,linear,strict,False,92.0,256.0,False,True,"val/accuracy,val/IIA,val/strict_accuracy",sample_all,all,True,,True,,True,,,True,
14,https://huggingface.co/cybershiptrooper/InterpBench/tree/main/14,Returns the count of 'a' in the input sequence.,10,4,https://huggingface.co/cybershiptrooper/InterpBench/blob/main/14/ll_model_cfg.pkl,https://huggingface.co/cybershiptrooper/InterpBench/blob/main/14/meta.json,https://huggingface.co/cybershiptrooper/InterpBench/blob/main/14/ll_model.pth,https://huggingface.co/cybershiptrooper/InterpBench/blob/main/14/edges.pkl,2,8,10,2,custom,4,32,gelu,5,1e-05,True,True,True,True,False,False,,False,,gpt2,,1,bidirectional,False,0.0,0.15689290811054724,True,False,standard,False,10,False,1536,False,False,True,torch.float32,False,False,10000,False,False,False,/circuits-benchmark/results,0.05,0.001,True,1.0,0.4,0.4,1000.0,99.9,gelu,True,True,0.1,linear,strict,False,67.0,256.0,False,True,"val/accuracy,val/IIA,val/strict_accuracy",sample_all,all,True,,True,,True,,,True,
95,https://huggingface.co/cybershiptrooper/InterpBench/tree/main/95,Counts the distinct prime factors of each number in the input list.,10,4,https://huggingface.co/cybershiptrooper/InterpBench/blob/main/95/ll_model_cfg.pkl,https://huggingface.co/cybershiptrooper/InterpBench/blob/main/95/meta.json,https://huggingface.co/cybershiptrooper/InterpBench/blob/main/95/ll_model.pth,https://huggingface.co/cybershiptrooper/InterpBench/blob/main/95/edges.pkl,2,4,10,1,custom,4,16,gelu,32,1e-05,True,True,True,True,False,False,,False,,gpt2,,1,causal,False,0.0,0.12060453783110546,True,False,standard,False,3,False,384,False,False,True,torch.float32,False,False,10000,False,False,False,/circuits-benchmark/results,0.05,0.001,True,1.0,0.4,0.7,1000.0,99.9,gelu,True,True,0.1,linear,strict,False,67.0,256.0,False,True,"val/accuracy,val/IIA,val/strict_accuracy",sample_all,all,True,,True,,True,,,True,
84,https://huggingface.co/cybershiptrooper/InterpBench/tree/main/84,Apply the arctangent function to each element of the input sequence.,10,4,https://huggingface.co/cybershiptrooper/InterpBench/blob/main/84/ll_model_cfg.pkl,https://huggingface.co/cybershiptrooper/InterpBench/blob/main/84/meta.json,https://huggingface.co/cybershiptrooper/InterpBench/blob/main/84/ll_model.pth,https://huggingface.co/cybershiptrooper/InterpBench/blob/main/84/edges.pkl,2,4,10,1,custom,4,16,gelu,13,1e-05,True,True,True,True,False,False,,False,,gpt2,,1,causal,False,0.0,0.1392621247645583,True,False,standard,False,11,False,384,False,False,True,torch.float32,False,False,10000,False,False,False,/circuits-benchmark/results,0.05,0.001,True,1.0,0.4,0.7,1000.0,99.9,gelu,True,True,0.1,linear,strict,False,67.0,256.0,False,True,"val/accuracy,val/IIA,val/strict_accuracy",sample_all,all,True,,True,,True,,,True,
66,https://huggingface.co/cybershiptrooper/InterpBench/tree/main/66,Round each element in the input sequence to the nearest integer.,10,4,https://huggingface.co/cybershiptrooper/InterpBench/blob/main/66/ll_model_cfg.pkl,https://huggingface.co/cybershiptrooper/InterpBench/blob/main/66/meta.json,https://huggingface.co/cybershiptrooper/InterpBench/blob/main/66/ll_model.pth,https://huggingface.co/cybershiptrooper/InterpBench/blob/main/66/edges.pkl,2,4,10,1,custom,4,16,gelu,22,1e-05,True,True,True,True,False,False,,False,,gpt2,,1,causal,False,0.0,0.13151918984428584,True,False,standard,False,6,False,384,False,False,True,torch.float32,False,False,10000,False,False,False,/circuits-benchmark/results,0.05,0.001,True,1.0,0.4,0.7,1000.0,99.9,gelu,True,True,0.1,linear,strict,False,92.0,256.0,False,True,"val/accuracy,val/IIA,val/strict_accuracy",sample_all,all,True,,True,,True,,,True,
93,https://huggingface.co/cybershiptrooper/InterpBench/tree/main/93,Swaps the nth with the n+1th element if n%2==1.,10,4,https://huggingface.co/cybershiptrooper/InterpBench/blob/main/93/ll_model_cfg.pkl,https://huggingface.co/cybershiptrooper/InterpBench/blob/main/93/meta.json,https://huggingface.co/cybershiptrooper/InterpBench/blob/main/93/ll_model.pth,https://huggingface.co/cybershiptrooper/InterpBench/blob/main/93/edges.pkl,3,20,10,5,custom,4,80,gelu,13,1e-05,True,True,True,True,False,False,,False,,gpt2,,1,bidirectional,False,0.0,0.10886621079036347,True,False,standard,False,11,False,14400,False,False,True,torch.float32,False,False,10000,False,False,False,/circuits-benchmark/results,0.05,0.001,True,1.0,0.4,0.4,1000.0,99.9,gelu,True,True,0.1,linear,strict,False,67.0,256.0,False,True,"val/accuracy,val/IIA,val/strict_accuracy",sample_all,all,True,,True,,True,,,True,
37,https://huggingface.co/cybershiptrooper/InterpBench/tree/main/37,Reverses each word in the sequence except for specified exclusions.,10,4,https://huggingface.co/cybershiptrooper/InterpBench/blob/main/37/ll_model_cfg.pkl,https://huggingface.co/cybershiptrooper/InterpBench/blob/main/37/meta.json,https://huggingface.co/cybershiptrooper/InterpBench/blob/main/37/ll_model.pth,https://huggingface.co/cybershiptrooper/InterpBench/blob/main/37/edges.pkl,2,12,10,3,custom,4,48,gelu,10,1e-05,True,True,True,True,False,False,,False,,gpt2,,1,causal,False,0.0,0.1539600717839002,True,False,standard,False,8,False,3456,False,False,True,torch.float32,False,False,10000,False,False,True,,0.05,0.01,False,1.0,1.0,1.0,2000.0,,gelu,True,True,0.1,,strict,True,,,True,True,,,,True,,True,,True,,,True,
34,https://huggingface.co/cybershiptrooper/InterpBench/tree/main/34,Calculate the ratio of vowels to consonants in each word.,10,4,https://huggingface.co/cybershiptrooper/InterpBench/blob/main/34/ll_model_cfg.pkl,https://huggingface.co/cybershiptrooper/InterpBench/blob/main/34/meta.json,https://huggingface.co/cybershiptrooper/InterpBench/blob/main/34/ll_model.pth,https://huggingface.co/cybershiptrooper/InterpBench/blob/main/34/edges.pkl,2,16,10,4,custom,4,64,gelu,10,1e-05,True,True,True,True,False,False,,False,,gpt2,,1,causal,False,0.0,0.16329931618554522,True,False,standard,False,5,False,6144,False,False,True,torch.float32,False,False,10000,False,False,True,,0.05,0.01,False,1.0,1.0,1.0,2000.0,,gelu,True,True,0.1,,strict,True,,,True,True,,,,True,,True,,True,,,True,
26,https://huggingface.co/cybershiptrooper/InterpBench/tree/main/26,Creates a cascading effect by repeating each token in sequence incrementally.,10,4,https://huggingface.co/cybershiptrooper/InterpBench/blob/main/26/ll_model_cfg.pkl,https://huggingface.co/cybershiptrooper/InterpBench/blob/main/26/meta.json,https://huggingface.co/cybershiptrooper/InterpBench/blob/main/26/ll_model.pth,https://huggingface.co/cybershiptrooper/InterpBench/blob/main/26/edges.pkl,2,21,10,5,custom,4,84,gelu,5,1e-05,True,True,True,True,False,False,,False,,gpt2,,1,causal,False,0.0,0.12344267996967354,True,False,standard,False,27,False,10416,False,False,True,torch.float32,False,False,10000,False,False,True,,0.05,0.01,False,1.0,1.0,0.4,2000.0,,gelu,True,True,0.1,,strict,True,,,True,True,,,,True,,True,,True,,,True,
15,https://huggingface.co/cybershiptrooper/InterpBench/tree/main/15,Returns each token multiplied by two and subtracted by its index.,5,4,https://huggingface.co/cybershiptrooper/InterpBench/blob/main/15/ll_model_cfg.pkl,https://huggingface.co/cybershiptrooper/InterpBench/blob/main/15/meta.json,https://huggingface.co/cybershiptrooper/InterpBench/blob/main/15/ll_model.pth,https://huggingface.co/cybershiptrooper/InterpBench/blob/main/15/edges.pkl,3,4,5,1,custom,4,16,gelu,7,1e-05,True,True,True,True,False,False,,False,,gpt2,,1,causal,False,0.0,0.06553855364152325,True,False,standard,False,12,False,576,False,False,True,torch.float32,False,False,10000,False,False,False,/circuits-benchmark/results,0.05,0.001,True,1.0,0.4,1.0,1000.0,99.9,gelu,True,True,0.1,linear,strict,False,67.0,256.0,False,True,"val/accuracy,val/IIA,val/strict_accuracy",sample_all,all,True,,True,,True,,,True,
19,https://huggingface.co/cybershiptrooper/InterpBench/tree/main/19,Removes consecutive duplicate tokens from a sequence.,15,4,https://huggingface.co/cybershiptrooper/InterpBench/blob/main/19/ll_model_cfg.pkl,https://huggingface.co/cybershiptrooper/InterpBench/blob/main/19/meta.json,https://huggingface.co/cybershiptrooper/InterpBench/blob/main/19/ll_model.pth,https://huggingface.co/cybershiptrooper/InterpBench/blob/main/19/edges.pkl,2,32,15,8,custom,4,128,gelu,5,1e-05,True,True,True,True,False,False,,False,,gpt2,,1,causal,False,0.0,0.15689290811054724,True,False,standard,False,3,False,24576,False,False,True,torch.float32,False,False,10000,False,False,True,,0.05,0.001,False,1.0,1.0,0.4,2000.0,,gelu,True,True,0.1,,,True,,,True,True,,,,True,,True,,True,,,True,
53,https://huggingface.co/cybershiptrooper/InterpBench/tree/main/53,Increment elements at odd indices by 1,10,4,https://huggingface.co/cybershiptrooper/InterpBench/blob/main/53/ll_model_cfg.pkl,https://huggingface.co/cybershiptrooper/InterpBench/blob/main/53/meta.json,https://huggingface.co/cybershiptrooper/InterpBench/blob/main/53/ll_model.pth,https://huggingface.co/cybershiptrooper/InterpBench/blob/main/53/edges.pkl,2,4,10,1,custom,4,16,gelu,13,1e-05,True,True,True,True,False,False,,False,,gpt2,,1,causal,False,0.0,0.13151918984428584,True,False,standard,False,12,False,384,False,False,True,torch.float32,False,False,10000,False,False,False,/circuits-benchmark/results,0.05,0.001,True,1.0,0.4,0.7,1000.0,99.9,gelu,True,True,0.1,linear,strict,False,67.0,256.0,False,True,"val/accuracy,val/IIA,val/strict_accuracy",sample_all,all,True,,True,,True,,,True,
40,https://huggingface.co/cybershiptrooper/InterpBench/tree/main/40,Sum the last and previous to last digits of a number,10,4,https://huggingface.co/cybershiptrooper/InterpBench/blob/main/40/ll_model_cfg.pkl,https://huggingface.co/cybershiptrooper/InterpBench/blob/main/40/meta.json,https://huggingface.co/cybershiptrooper/InterpBench/blob/main/40/ll_model.pth,https://huggingface.co/cybershiptrooper/InterpBench/blob/main/40/edges.pkl,2,4,10,1,custom,4,16,gelu,31,1e-05,True,True,True,True,False,False,,False,,gpt2,,1,causal,False,0.0,0.09847319278346618,True,False,standard,False,12,False,384,False,False,True,torch.float32,False,False,10000,False,False,False,/circuits-benchmark/results,0.05,0.001,True,1.0,0.4,0.4,1000.0,99.9,gelu,True,True,0.1,linear,strict,False,67.0,256.0,False,True,"val/accuracy,val/IIA,val/strict_accuracy",sample_all,all,True,,True,,True,,,True,
51,https://huggingface.co/cybershiptrooper/InterpBench/tree/main/51,Checks if each element is a Fibonacci number,10,4,https://huggingface.co/cybershiptrooper/InterpBench/blob/main/51/ll_model_cfg.pkl,https://huggingface.co/cybershiptrooper/InterpBench/blob/main/51/meta.json,https://huggingface.co/cybershiptrooper/InterpBench/blob/main/51/ll_model.pth,https://huggingface.co/cybershiptrooper/InterpBench/blob/main/51/edges.pkl,2,4,10,1,custom,4,16,gelu,102,1e-05,True,True,True,True,False,False,,False,,gpt2,,1,causal,False,0.0,0.07525766947068778,True,False,standard,False,2,False,384,False,False,True,torch.float32,False,False,10000,False,False,False,/circuits-benchmark/results,0.05,0.001,True,1.0,0.4,0.4,1000.0,99.9,gelu,True,True,0.1,linear,strict,False,67.0,256.0,False,True,"val/accuracy,val/IIA,val/strict_accuracy",sample_all,all,True,,True,,True,,,True,
43,https://huggingface.co/cybershiptrooper/InterpBench/tree/main/43,Returns the corresponding Fibonacci number for each element in the input sequence.,10,4,https://huggingface.co/cybershiptrooper/InterpBench/blob/main/43/ll_model_cfg.pkl,https://huggingface.co/cybershiptrooper/InterpBench/blob/main/43/meta.json,https://huggingface.co/cybershiptrooper/InterpBench/blob/main/43/ll_model.pth,https://huggingface.co/cybershiptrooper/InterpBench/blob/main/43/edges.pkl,2,4,10,1,custom,4,16,gelu,22,1e-05,True,True,True,True,False,False,,False,,gpt2,,1,causal,False,0.0,0.1131370849898476,True,False,standard,False,19,False,384,False,False,True,torch.float32,False,False,10000,False,False,False,/circuits-benchmark/results,0.05,0.001,True,1.0,0.4,1.0,1000.0,99.9,gelu,True,True,0.1,linear,strict,False,67.0,256.0,False,True,"val/accuracy,val/IIA,val/strict_accuracy",sample_all,all,True,,True,,True,,,True,
122,https://huggingface.co/cybershiptrooper/InterpBench/tree/main/122,Check if each number is divisible by 3.,10,4,https://huggingface.co/cybershiptrooper/InterpBench/blob/main/122/ll_model_cfg.pkl,https://huggingface.co/cybershiptrooper/InterpBench/blob/main/122/meta.json,https://huggingface.co/cybershiptrooper/InterpBench/blob/main/122/ll_model.pth,https://huggingface.co/cybershiptrooper/InterpBench/blob/main/122/edges.pkl,2,4,10,1,custom,4,16,gelu,32,1e-05,True,True,True,True,False,False,,False,,gpt2,,1,causal,False,0.0,0.12199885626608374,True,False,standard,False,2,False,384,False,False,True,torch.float32,False,False,10000,False,False,False,/circuits-benchmark/results,0.05,0.001,True,1.0,0.4,0.4,1000.0,99.9,gelu,True,True,0.1,linear,strict,False,67.0,256.0,False,True,"val/accuracy,val/IIA,val/strict_accuracy",sample_all,all,True,,True,,True,,,True,
85,https://huggingface.co/cybershiptrooper/InterpBench/tree/main/85,Square each element of the input sequence.,10,4,https://huggingface.co/cybershiptrooper/InterpBench/blob/main/85/ll_model_cfg.pkl,https://huggingface.co/cybershiptrooper/InterpBench/blob/main/85/meta.json,https://huggingface.co/cybershiptrooper/InterpBench/blob/main/85/ll_model.pth,https://huggingface.co/cybershiptrooper/InterpBench/blob/main/85/edges.pkl,2,4,10,1,custom,4,16,gelu,13,1e-05,True,True,True,True,False,False,,False,,gpt2,,1,causal,False,0.0,0.1392621247645583,True,False,standard,False,11,False,384,False,False,True,torch.float32,False,False,10000,False,False,False,/circuits-benchmark/results,0.05,0.001,True,1.0,0.4,0.7,1000.0,99.9,gelu,True,True,0.1,linear,strict,False,67.0,256.0,False,True,"val/accuracy,val/IIA,val/strict_accuracy",sample_all,all,True,,True,,True,,,True,
2,https://huggingface.co/cybershiptrooper/InterpBench/tree/main/2,Reverse the input sequence.,10,4,https://huggingface.co/cybershiptrooper/InterpBench/blob/main/2/ll_model_cfg.pkl,https://huggingface.co/cybershiptrooper/InterpBench/blob/main/2/meta.json,https://huggingface.co/cybershiptrooper/InterpBench/blob/main/2/ll_model.pth,https://huggingface.co/cybershiptrooper/InterpBench/blob/main/2/edges.pkl,4,56,10,14,custom,4,224,gelu,28,1e-05,True,True,True,True,False,False,,False,,gpt2,,1,bidirectional,False,0.0,0.07593263966019993,True,False,standard,False,26,False,150528,False,False,True,torch.float32,False,False,10000,False,False,False,/circuits-benchmark/results,0.05,0.001,True,1.0,0.4,0.4,1000.0,99.9,gelu,True,True,0.1,linear,strict,False,67.0,256.0,False,True,"val/accuracy,val/IIA,val/strict_accuracy",sample_all,all,True,,True,,True,,,True,
67,https://huggingface.co/cybershiptrooper/InterpBench/tree/main/67,Multiply each element of the sequence by the length of the sequence.,10,4,https://huggingface.co/cybershiptrooper/InterpBench/blob/main/67/ll_model_cfg.pkl,https://huggingface.co/cybershiptrooper/InterpBench/blob/main/67/meta.json,https://huggingface.co/cybershiptrooper/InterpBench/blob/main/67/ll_model.pth,https://huggingface.co/cybershiptrooper/InterpBench/blob/main/67/edges.pkl,2,24,10,6,custom,4,96,gelu,13,1e-05,True,True,True,True,False,False,,False,,gpt2,,1,bidirectional,False,0.0,0.0917662935482247,True,False,standard,False,42,False,13824,False,False,True,torch.float32,False,False,10000,False,False,False,/circuits-benchmark/results,0.05,0.001,True,0.7,0.4,0.7,3000.0,99.9,gelu,True,True,0.1,linear,strict,False,92.0,256.0,False,True,"val/accuracy,val/IIA,val/strict_accuracy",sample_all,all,True,,True,,True,,,True,
44,https://huggingface.co/cybershiptrooper/InterpBench/tree/main/44,Replaces each element with the number of elements greater than it in the sequence,10,4,https://huggingface.co/cybershiptrooper/InterpBench/blob/main/44/ll_model_cfg.pkl,https://huggingface.co/cybershiptrooper/InterpBench/blob/main/44/meta.json,https://huggingface.co/cybershiptrooper/InterpBench/blob/main/44/ll_model.pth,https://huggingface.co/cybershiptrooper/InterpBench/blob/main/44/edges.pkl,2,24,10,6,custom,4,96,gelu,13,1e-05,True,True,True,True,False,False,,False,,gpt2,,1,bidirectional,False,0.0,0.13719886811400708,True,False,standard,False,10,False,13824,False,False,True,torch.float32,False,False,10000,False,False,False,/circuits-benchmark/results,0.05,0.001,True,1.0,0.4,0.4,1000.0,99.9,gelu,True,True,0.1,linear,strict,False,67.0,256.0,False,True,"val/accuracy,val/IIA,val/strict_accuracy",sample_all,all,True,,True,,True,,,True,
113,https://huggingface.co/cybershiptrooper/InterpBench/tree/main/113,"Inverts the sequence if it is sorted in ascending order, otherwise leaves it unchanged.",10,4,https://huggingface.co/cybershiptrooper/InterpBench/blob/main/113/ll_model_cfg.pkl,https://huggingface.co/cybershiptrooper/InterpBench/blob/main/113/meta.json,https://huggingface.co/cybershiptrooper/InterpBench/blob/main/113/ll_model.pth,https://huggingface.co/cybershiptrooper/InterpBench/blob/main/113/edges.pkl,7,88,10,22,custom,4,352,gelu,32,1e-05,True,True,True,True,False,False,,False,,gpt2,,1,bidirectional,False,0.0,0.0512147519731584,True,False,standard,False,30,False,650496,False,False,True,torch.float32,False,False,10000,False,False,False,/circuits-benchmark/results,0.05,0.001,True,1.0,0.4,0.4,1000.0,99.9,gelu,True,True,0.1,linear,strict,False,67.0,256.0,False,True,"val/accuracy,val/IIA,val/strict_accuracy",sample_all,all,True,,True,,True,,,True,
77,https://huggingface.co/cybershiptrooper/InterpBench/tree/main/77,Apply the tangent function to each element of the sequence.,10,4,https://huggingface.co/cybershiptrooper/InterpBench/blob/main/77/ll_model_cfg.pkl,https://huggingface.co/cybershiptrooper/InterpBench/blob/main/77/meta.json,https://huggingface.co/cybershiptrooper/InterpBench/blob/main/77/ll_model.pth,https://huggingface.co/cybershiptrooper/InterpBench/blob/main/77/edges.pkl,2,4,10,1,custom,4,16,gelu,13,1e-05,True,True,True,True,False,False,,False,,gpt2,,1,causal,False,0.0,0.1392621247645583,True,False,standard,False,11,False,384,False,False,True,torch.float32,False,False,10000,False,False,False,/circuits-benchmark/results,0.05,0.001,True,1.0,0.4,0.7,1000.0,99.9,gelu,True,True,0.1,linear,strict,False,67.0,256.0,False,True,"val/accuracy,val/IIA,val/strict_accuracy",sample_all,all,True,,True,,True,,,True,
20,https://huggingface.co/cybershiptrooper/InterpBench/tree/main/20,Detect spam messages based on appearance of spam keywords.,10,4,https://huggingface.co/cybershiptrooper/InterpBench/blob/main/20/ll_model_cfg.pkl,https://huggingface.co/cybershiptrooper/InterpBench/blob/main/20/meta.json,https://huggingface.co/cybershiptrooper/InterpBench/blob/main/20/ll_model.pth,https://huggingface.co/cybershiptrooper/InterpBench/blob/main/20/edges.pkl,2,13,10,3,custom,4,52,gelu,14,1e-05,True,True,True,True,False,False,,False,,gpt2,,1,causal,False,0.0,0.16,True,False,standard,False,2,False,3952,False,False,True,torch.float32,False,False,10000,False,False,True,,0.05,0.01,False,1.0,1.0,0.4,2000.0,,gelu,True,True,0.1,,strict,True,,,True,True,,,,True,,True,,True,,,True,
25,https://huggingface.co/cybershiptrooper/InterpBench/tree/main/25,Normalizes token frequencies in a sequence to a range between 0 and 1.,10,4,https://huggingface.co/cybershiptrooper/InterpBench/blob/main/25/ll_model_cfg.pkl,https://huggingface.co/cybershiptrooper/InterpBench/blob/main/25/meta.json,https://huggingface.co/cybershiptrooper/InterpBench/blob/main/25/ll_model.pth,https://huggingface.co/cybershiptrooper/InterpBench/blob/main/25/edges.pkl,2,62,10,15,custom,4,248,gelu,5,1e-05,True,True,True,True,False,False,,False,,gpt2,,1,bidirectional,False,0.0,0.08295613557843402,True,False,standard,False,56,False,91264,False,False,True,torch.float32,False,False,10000,False,False,False,/circuits-benchmark/results,0.05,0.001,True,1.0,0.4,0.4,1000.0,99.9,gelu,True,True,0.1,linear,strict,False,67.0,256.0,False,True,"val/accuracy,val/IIA,val/strict_accuracy",sample_all,all,True,,True,,True,,,True,
11,https://huggingface.co/cybershiptrooper/InterpBench/tree/main/11,Counts the number of words in a sequence based on their length.,10,4,https://huggingface.co/cybershiptrooper/InterpBench/blob/main/11/ll_model_cfg.pkl,https://huggingface.co/cybershiptrooper/InterpBench/blob/main/11/meta.json,https://huggingface.co/cybershiptrooper/InterpBench/blob/main/11/ll_model.pth,https://huggingface.co/cybershiptrooper/InterpBench/blob/main/11/edges.pkl,2,12,10,3,custom,4,48,gelu,10,1e-05,True,True,True,True,False,False,,False,,gpt2,,1,causal,False,0.0,0.1460593486680443,True,False,standard,False,5,False,3456,False,False,True,torch.float32,False,False,10000,False,False,True,,0.05,0.01,False,1.0,1.0,0.4,500.0,,gelu,True,True,1.0,,,True,,,True,True,,,,True,,True,,True,,,True,
41,https://huggingface.co/cybershiptrooper/InterpBench/tree/main/41,Make each element of the input sequence absolute,10,4,https://huggingface.co/cybershiptrooper/InterpBench/blob/main/41/ll_model_cfg.pkl,https://huggingface.co/cybershiptrooper/InterpBench/blob/main/41/meta.json,https://huggingface.co/cybershiptrooper/InterpBench/blob/main/41/ll_model.pth,https://huggingface.co/cybershiptrooper/InterpBench/blob/main/41/edges.pkl,2,4,10,1,custom,4,16,gelu,22,1e-05,True,True,True,True,False,False,,False,,gpt2,,1,causal,False,0.0,0.12344267996967354,True,False,standard,False,11,False,384,False,False,True,torch.float32,False,False,10000,False,False,False,/circuits-benchmark/results,0.05,0.001,True,1.0,0.4,1.0,1000.0,99.9,gelu,True,True,0.1,linear,strict,False,67.0,256.0,False,True,"val/accuracy,val/IIA,val/strict_accuracy",sample_all,all,True,,True,,True,,,True,
54,https://huggingface.co/cybershiptrooper/InterpBench/tree/main/54,Applies the hyperbolic tangent to each element.,10,4,https://huggingface.co/cybershiptrooper/InterpBench/blob/main/54/ll_model_cfg.pkl,https://huggingface.co/cybershiptrooper/InterpBench/blob/main/54/meta.json,https://huggingface.co/cybershiptrooper/InterpBench/blob/main/54/ll_model.pth,https://huggingface.co/cybershiptrooper/InterpBench/blob/main/54/edges.pkl,2,4,10,1,custom,4,16,gelu,13,1e-05,True,True,True,True,False,False,,False,,gpt2,,1,causal,False,0.0,0.1392621247645583,True,False,standard,False,11,False,384,False,False,True,torch.float32,False,False,10000,False,False,False,/circuits-benchmark/results,0.05,0.001,True,1.0,0.4,0.7,1000.0,99.9,gelu,True,True,0.1,linear,strict,False,67.0,256.0,False,True,"val/accuracy,val/IIA,val/strict_accuracy",sample_all,all,True,,True,,True,,,True,
124,https://huggingface.co/cybershiptrooper/InterpBench/tree/main/124,Check if all elements in a list are equal.,10,4,https://huggingface.co/cybershiptrooper/InterpBench/blob/main/124/ll_model_cfg.pkl,https://huggingface.co/cybershiptrooper/InterpBench/blob/main/124/meta.json,https://huggingface.co/cybershiptrooper/InterpBench/blob/main/124/ll_model.pth,https://huggingface.co/cybershiptrooper/InterpBench/blob/main/124/edges.pkl,3,24,10,6,custom,4,96,gelu,13,1e-05,True,True,True,True,False,False,,False,,gpt2,,1,bidirectional,False,0.0,0.11547005383792516,True,False,standard,False,2,False,20736,False,False,True,torch.float32,False,False,10000,False,False,False,/circuits-benchmark/results,0.05,0.001,True,1.0,0.4,0.4,1000.0,99.9,gelu,True,True,0.1,linear,strict,False,67.0,256.0,False,True,"val/accuracy,val/IIA,val/strict_accuracy",sample_all,all,True,,True,,True,,,True,
102,https://huggingface.co/cybershiptrooper/InterpBench/tree/main/102,"Reflects each element within a range (default is [2, 7]).",10,4,https://huggingface.co/cybershiptrooper/InterpBench/blob/main/102/ll_model_cfg.pkl,https://huggingface.co/cybershiptrooper/InterpBench/blob/main/102/meta.json,https://huggingface.co/cybershiptrooper/InterpBench/blob/main/102/ll_model.pth,https://huggingface.co/cybershiptrooper/InterpBench/blob/main/102/edges.pkl,2,4,10,1,custom,4,16,gelu,42,1e-05,True,True,True,True,False,False,,False,,gpt2,,1,causal,False,0.0,0.1059625885652035,True,False,standard,False,6,False,384,False,False,True,torch.float32,False,False,10000,False,False,False,/circuits-benchmark/results,0.05,0.001,True,1.0,0.4,0.4,1000.0,99.9,gelu,True,True,0.1,linear,strict,False,82.0,256.0,False,True,"val/accuracy,val/IIA,val/strict_accuracy",sample_all,all,True,,True,,True,,,True,
129,https://huggingface.co/cybershiptrooper/InterpBench/tree/main/129,Checks if all elements are a multiple of n (set the default at 2).,10,4,https://huggingface.co/cybershiptrooper/InterpBench/blob/main/129/ll_model_cfg.pkl,https://huggingface.co/cybershiptrooper/InterpBench/blob/main/129/meta.json,https://huggingface.co/cybershiptrooper/InterpBench/blob/main/129/ll_model.pth,https://huggingface.co/cybershiptrooper/InterpBench/blob/main/129/edges.pkl,3,4,10,1,custom,4,16,gelu,32,1e-05,True,True,True,True,False,False,,False,,gpt2,,1,bidirectional,False,0.0,0.10504514628777804,True,False,standard,False,2,False,576,False,False,True,torch.float32,False,False,10000,False,False,False,/circuits-benchmark/results,0.05,0.001,True,1.0,0.4,0.4,1000.0,99.9,gelu,True,True,0.1,linear,strict,False,67.0,256.0,False,True,"val/accuracy,val/IIA,val/strict_accuracy",sample_all,all,True,,True,,True,,,True,
50,https://huggingface.co/cybershiptrooper/InterpBench/tree/main/50,Applies the hyperbolic cosine to each element,10,4,https://huggingface.co/cybershiptrooper/InterpBench/blob/main/50/ll_model_cfg.pkl,https://huggingface.co/cybershiptrooper/InterpBench/blob/main/50/meta.json,https://huggingface.co/cybershiptrooper/InterpBench/blob/main/50/ll_model.pth,https://huggingface.co/cybershiptrooper/InterpBench/blob/main/50/edges.pkl,2,4,10,1,custom,4,16,gelu,13,1e-05,True,True,True,True,False,False,,False,,gpt2,,1,causal,False,0.0,0.1392621247645583,True,False,standard,False,11,False,384,False,False,True,torch.float32,False,False,10000,False,False,False,/circuits-benchmark/results,0.05,0.001,True,1.0,0.4,0.7,1000.0,99.9,gelu,True,True,0.1,linear,strict,False,67.0,256.0,False,True,"val/accuracy,val/IIA,val/strict_accuracy",sample_all,all,True,,True,,True,,,True,
123,https://huggingface.co/cybershiptrooper/InterpBench/tree/main/123,Apply arccosine to each element of the input sequence.,10,4,https://huggingface.co/cybershiptrooper/InterpBench/blob/main/123/ll_model_cfg.pkl,https://huggingface.co/cybershiptrooper/InterpBench/blob/main/123/meta.json,https://huggingface.co/cybershiptrooper/InterpBench/blob/main/123/ll_model.pth,https://huggingface.co/cybershiptrooper/InterpBench/blob/main/123/edges.pkl,2,4,10,1,custom,4,16,gelu,22,1e-05,True,True,True,True,False,False,,False,,gpt2,,1,causal,False,0.0,0.11202240672224079,True,False,standard,False,20,False,384,False,False,True,torch.float32,False,False,10000,False,False,False,/circuits-benchmark/results,0.05,0.001,True,1.0,0.4,0.7,1000.0,99.9,gelu,True,True,0.1,linear,strict,False,67.0,256.0,False,True,"val/accuracy,val/IIA,val/strict_accuracy",sample_all,all,True,,True,,True,,,True,
86,https://huggingface.co/cybershiptrooper/InterpBench/tree/main/86,"Check if each element is a power of 2. Return 1 if true, otherwise 0.",10,4,https://huggingface.co/cybershiptrooper/InterpBench/blob/main/86/ll_model_cfg.pkl,https://huggingface.co/cybershiptrooper/InterpBench/blob/main/86/meta.json,https://huggingface.co/cybershiptrooper/InterpBench/blob/main/86/ll_model.pth,https://huggingface.co/cybershiptrooper/InterpBench/blob/main/86/edges.pkl,2,4,10,1,custom,4,16,gelu,13,1e-05,True,True,True,True,False,False,,False,,gpt2,,1,causal,False,0.0,0.16329931618554522,True,False,standard,False,2,False,384,False,False,True,torch.float32,False,False,10000,False,False,False,/circuits-benchmark/results,0.05,0.001,True,1.0,0.4,0.4,1000.0,99.9,gelu,True,True,0.1,linear,strict,False,67.0,256.0,False,True,"val/accuracy,val/IIA,val/strict_accuracy",sample_all,all,True,,True,,True,,,True,
105,https://huggingface.co/cybershiptrooper/InterpBench/tree/main/105,Replaces each number with the next prime after that number.,10,4,https://huggingface.co/cybershiptrooper/InterpBench/blob/main/105/ll_model_cfg.pkl,https://huggingface.co/cybershiptrooper/InterpBench/blob/main/105/meta.json,https://huggingface.co/cybershiptrooper/InterpBench/blob/main/105/ll_model.pth,https://huggingface.co/cybershiptrooper/InterpBench/blob/main/105/edges.pkl,2,4,10,1,custom,4,16,gelu,32,1e-05,True,True,True,True,False,False,,False,,gpt2,,1,causal,False,0.0,0.11202240672224079,True,False,standard,False,10,False,384,False,False,True,torch.float32,False,False,10000,False,False,False,/circuits-benchmark/results,0.05,0.001,True,1.0,0.4,0.7,1000.0,99.9,gelu,True,True,0.1,linear,strict,False,67.0,256.0,False,True,"val/accuracy,val/IIA,val/strict_accuracy",sample_all,all,True,,True,,True,,,True,
58,https://huggingface.co/cybershiptrooper/InterpBench/tree/main/58,Mirrors the first half of the sequence to the second half.,10,4,https://huggingface.co/cybershiptrooper/InterpBench/blob/main/58/ll_model_cfg.pkl,https://huggingface.co/cybershiptrooper/InterpBench/blob/main/58/meta.json,https://huggingface.co/cybershiptrooper/InterpBench/blob/main/58/ll_model.pth,https://huggingface.co/cybershiptrooper/InterpBench/blob/main/58/edges.pkl,3,32,10,8,custom,4,128,gelu,13,1e-05,True,True,True,True,False,False,,False,,gpt2,,1,bidirectional,False,0.0,0.10415112878465911,True,False,standard,False,11,False,36864,False,False,True,torch.float32,False,False,10000,False,False,False,/circuits-benchmark/results,0.05,0.001,True,1.0,0.4,0.4,1000.0,99.9,gelu,True,True,0.1,linear,strict,False,67.0,256.0,False,True,"val/accuracy,val/IIA,val/strict_accuracy",sample_all,all,True,,True,,True,,,True,
68,https://huggingface.co/cybershiptrooper/InterpBench/tree/main/68,Increment each element until it becomes a multiple of 3,10,4,https://huggingface.co/cybershiptrooper/InterpBench/blob/main/68/ll_model_cfg.pkl,https://huggingface.co/cybershiptrooper/InterpBench/blob/main/68/meta.json,https://huggingface.co/cybershiptrooper/InterpBench/blob/main/68/ll_model.pth,https://huggingface.co/cybershiptrooper/InterpBench/blob/main/68/edges.pkl,2,4,10,1,custom,4,16,gelu,13,1e-05,True,True,True,True,False,False,,False,,gpt2,,1,causal,False,0.0,0.1539600717839002,True,False,standard,False,5,False,384,False,False,True,torch.float32,False,False,10000,False,False,False,/circuits-benchmark/results,0.05,0.001,True,1.0,0.4,1.0,1000.0,99.9,gelu,True,True,0.1,linear,strict,False,67.0,256.0,False,True,"val/accuracy,val/IIA,val/strict_accuracy",sample_all,all,True,,True,,True,,,True,
70,https://huggingface.co/cybershiptrooper/InterpBench/tree/main/70,Apply the cosine function to each element of the input sequence.,10,4,https://huggingface.co/cybershiptrooper/InterpBench/blob/main/70/ll_model_cfg.pkl,https://huggingface.co/cybershiptrooper/InterpBench/blob/main/70/meta.json,https://huggingface.co/cybershiptrooper/InterpBench/blob/main/70/ll_model.pth,https://huggingface.co/cybershiptrooper/InterpBench/blob/main/70/edges.pkl,2,4,10,1,custom,4,16,gelu,13,1e-05,True,True,True,True,False,False,,False,,gpt2,,1,causal,False,0.0,0.1392621247645583,True,False,standard,False,11,False,384,False,False,True,torch.float32,False,False,10000,False,False,False,/circuits-benchmark/results,0.05,0.001,True,1.0,0.4,0.7,1000.0,99.9,gelu,True,True,0.1,linear,strict,False,67.0,256.0,False,True,"val/accuracy,val/IIA,val/strict_accuracy",sample_all,all,True,,True,,True,,,True,
62,https://huggingface.co/cybershiptrooper/InterpBench/tree/main/62,Replaces each element with its factorial.,10,4,https://huggingface.co/cybershiptrooper/InterpBench/blob/main/62/ll_model_cfg.pkl,https://huggingface.co/cybershiptrooper/InterpBench/blob/main/62/meta.json,https://huggingface.co/cybershiptrooper/InterpBench/blob/main/62/ll_model.pth,https://huggingface.co/cybershiptrooper/InterpBench/blob/main/62/edges.pkl,2,4,10,1,custom,4,16,gelu,13,1e-05,True,True,True,True,False,False,,False,,gpt2,,1,causal,False,0.0,0.1414213562373095,True,False,standard,False,10,False,384,False,False,True,torch.float32,False,False,10000,False,False,False,/circuits-benchmark/results,0.05,0.001,True,1.0,0.4,0.7,1000.0,99.9,gelu,True,True,0.1,linear,strict,False,67.0,256.0,False,True,"val/accuracy,val/IIA,val/strict_accuracy",sample_all,all,True,,True,,True,,,True,
111,https://huggingface.co/cybershiptrooper/InterpBench/tree/main/111,Returns the last element of the sequence and pads the rest with zeros.,10,4,https://huggingface.co/cybershiptrooper/InterpBench/blob/main/111/ll_model_cfg.pkl,https://huggingface.co/cybershiptrooper/InterpBench/blob/main/111/meta.json,https://huggingface.co/cybershiptrooper/InterpBench/blob/main/111/ll_model.pth,https://huggingface.co/cybershiptrooper/InterpBench/blob/main/111/edges.pkl,3,24,10,6,custom,4,96,gelu,13,1e-05,True,True,True,True,False,False,,False,,gpt2,,1,bidirectional,False,0.0,0.09847319278346618,True,False,standard,False,11,False,20736,False,False,True,torch.float32,False,False,10000,False,False,False,/circuits-benchmark/results,0.05,0.001,True,1.0,0.4,0.4,1000.0,99.9,gelu,True,True,0.1,linear,strict,False,67.0,256.0,False,True,"val/accuracy,val/IIA,val/strict_accuracy",sample_all,all,True,,True,,True,,,True,
121,https://huggingface.co/cybershiptrooper/InterpBench/tree/main/121,Compute arcsine of all elements in the input sequence.,10,4,https://huggingface.co/cybershiptrooper/InterpBench/blob/main/121/ll_model_cfg.pkl,https://huggingface.co/cybershiptrooper/InterpBench/blob/main/121/meta.json,https://huggingface.co/cybershiptrooper/InterpBench/blob/main/121/ll_model.pth,https://huggingface.co/cybershiptrooper/InterpBench/blob/main/121/edges.pkl,2,4,10,1,custom,4,16,gelu,22,1e-05,True,True,True,True,False,False,,False,,gpt2,,1,causal,False,0.0,0.11202240672224079,True,False,standard,False,20,False,384,False,False,True,torch.float32,False,False,10000,False,False,False,/circuits-benchmark/results,0.05,0.001,True,1.0,0.4,1.0,1000.0,99.9,gelu,True,True,0.1,linear,strict,False,67.0,256.0,False,True,"val/accuracy,val/IIA,val/strict_accuracy",sample_all,all,True,,True,,True,,,True,
35,https://huggingface.co/cybershiptrooper/InterpBench/tree/main/35,Alternates capitalization of each character in words.,10,4,https://huggingface.co/cybershiptrooper/InterpBench/blob/main/35/ll_model_cfg.pkl,https://huggingface.co/cybershiptrooper/InterpBench/blob/main/35/meta.json,https://huggingface.co/cybershiptrooper/InterpBench/blob/main/35/ll_model.pth,https://huggingface.co/cybershiptrooper/InterpBench/blob/main/35/edges.pkl,2,9,10,2,custom,4,36,gelu,10,1e-05,True,True,True,True,False,False,,False,,gpt2,,1,causal,False,0.0,0.1539600717839002,True,False,standard,False,8,False,1872,False,False,True,torch.float32,False,False,10000,False,False,True,,0.05,0.01,False,1.0,1.0,1.0,2000.0,,gelu,True,True,0.1,,strict,True,,,True,True,,,,True,,True,,True,,,True,
3,https://huggingface.co/cybershiptrooper/InterpBench/tree/main/3,Returns the fraction of 'x' in the input up to the i-th position for all i.,5,4,https://huggingface.co/cybershiptrooper/InterpBench/blob/main/3/ll_model_cfg.pkl,https://huggingface.co/cybershiptrooper/InterpBench/blob/main/3/meta.json,https://huggingface.co/cybershiptrooper/InterpBench/blob/main/3/ll_model.pth,https://huggingface.co/cybershiptrooper/InterpBench/blob/main/3/edges.pkl,2,12,5,3,custom,4,48,gelu,6,1e-05,True,True,True,True,False,False,,False,,gpt2,,1,causal,False,0.0,0.22188007849009167,True,False,standard,False,1,False,3456,False,False,True,torch.float32,False,False,10000,False,False,True,,0.05,0.01,False,1.0,1.0,10.0,2000.0,,gelu,True,True,0.1,,strict,False,,,True,True,,,,True,,True,,True,,,True,
36,https://huggingface.co/cybershiptrooper/InterpBench/tree/main/36,"Classifies each token as 'positive', 'negative', or 'neutral' based on emojis.",10,4,https://huggingface.co/cybershiptrooper/InterpBench/blob/main/36/ll_model_cfg.pkl,https://huggingface.co/cybershiptrooper/InterpBench/blob/main/36/meta.json,https://huggingface.co/cybershiptrooper/InterpBench/blob/main/36/ll_model.pth,https://huggingface.co/cybershiptrooper/InterpBench/blob/main/36/edges.pkl,2,6,10,1,custom,4,24,gelu,5,1e-05,True,True,True,True,False,False,,False,,gpt2,,1,causal,False,0.0,0.19402850002906638,True,False,standard,False,3,False,768,False,False,True,torch.float32,False,False,10000,False,False,True,,0.05,0.01,False,1.0,1.0,1.0,2000.0,,gelu,True,True,0.1,,strict,True,,,True,True,,,,True,,True,,True,,,True,
106,https://huggingface.co/cybershiptrooper/InterpBench/tree/main/106,Sets all elements to zero except for the element at index 1.,10,4,https://huggingface.co/cybershiptrooper/InterpBench/blob/main/106/ll_model_cfg.pkl,https://huggingface.co/cybershiptrooper/InterpBench/blob/main/106/meta.json,https://huggingface.co/cybershiptrooper/InterpBench/blob/main/106/ll_model.pth,https://huggingface.co/cybershiptrooper/InterpBench/blob/main/106/edges.pkl,2,4,10,1,custom,4,16,gelu,13,1e-05,True,True,True,True,False,False,,False,,gpt2,,1,causal,False,0.0,0.13719886811400708,True,False,standard,False,11,False,384,False,False,True,torch.float32,False,False,10000,False,False,False,/circuits-benchmark/results,0.05,0.001,True,1.0,0.4,0.7,1000.0,99.9,gelu,True,True,0.1,linear,strict,False,92.0,256.0,False,True,"val/accuracy,val/IIA,val/strict_accuracy",sample_all,all,True,,True,,True,,,True,
64,https://huggingface.co/cybershiptrooper/InterpBench/tree/main/64,Cubes each element in the sequence.,10,4,https://huggingface.co/cybershiptrooper/InterpBench/blob/main/64/ll_model_cfg.pkl,https://huggingface.co/cybershiptrooper/InterpBench/blob/main/64/meta.json,https://huggingface.co/cybershiptrooper/InterpBench/blob/main/64/ll_model.pth,https://huggingface.co/cybershiptrooper/InterpBench/blob/main/64/edges.pkl,2,4,10,1,custom,4,16,gelu,13,1e-05,True,True,True,True,False,False,,False,,gpt2,,1,causal,False,0.0,0.1392621247645583,True,False,standard,False,11,False,384,False,False,True,torch.float32,False,False,10000,False,False,False,/circuits-benchmark/results,0.05,0.001,True,1.0,0.4,0.7,1000.0,99.9,gelu,True,True,0.1,linear,strict,False,67.0,256.0,False,True,"val/accuracy,val/IIA,val/strict_accuracy",sample_all,all,True,,True,,True,,,True,
8,https://huggingface.co/cybershiptrooper/InterpBench/tree/main/8,Identity,10,4,https://huggingface.co/cybershiptrooper/InterpBench/blob/main/8/ll_model_cfg.pkl,https://huggingface.co/cybershiptrooper/InterpBench/blob/main/8/meta.json,https://huggingface.co/cybershiptrooper/InterpBench/blob/main/8/ll_model.pth,https://huggingface.co/cybershiptrooper/InterpBench/blob/main/8/edges.pkl,2,4,10,1,custom,4,16,gelu,13,1e-05,True,True,True,True,False,False,,False,,gpt2,,1,causal,False,0.0,0.1392621247645583,True,False,standard,False,11,False,384,False,False,True,torch.float32,False,False,10000,False,False,False,/circuits-benchmark/results,0.05,0.001,True,1.0,0.4,0.7,1000.0,99.9,gelu,True,True,0.1,linear,strict,False,67.0,256.0,False,True,"val/accuracy,val/IIA,val/strict_accuracy",sample_all,all,True,,True,,True,,,True,
73,https://huggingface.co/cybershiptrooper/InterpBench/tree/main/73,Apply the sine function to each element of the input sequence.,10,4,https://huggingface.co/cybershiptrooper/InterpBench/blob/main/73/ll_model_cfg.pkl,https://huggingface.co/cybershiptrooper/InterpBench/blob/main/73/meta.json,https://huggingface.co/cybershiptrooper/InterpBench/blob/main/73/ll_model.pth,https://huggingface.co/cybershiptrooper/InterpBench/blob/main/73/edges.pkl,2,4,10,1,custom,4,16,gelu,13,1e-05,True,True,True,True,False,False,,False,,gpt2,,1,causal,False,0.0,0.1392621247645583,True,False,standard,False,11,False,384,False,False,True,torch.float32,False,False,10000,False,False,False,/circuits-benchmark/results,0.05,0.001,True,1.0,0.4,0.7,1000.0,99.9,gelu,True,True,0.1,linear,strict,False,92.0,256.0,False,True,"val/accuracy,val/IIA,val/strict_accuracy",sample_all,all,True,,True,,True,,,True,
103,https://huggingface.co/cybershiptrooper/InterpBench/tree/main/103,Swap consecutive numbers in a list,10,4,https://huggingface.co/cybershiptrooper/InterpBench/blob/main/103/ll_model_cfg.pkl,https://huggingface.co/cybershiptrooper/InterpBench/blob/main/103/meta.json,https://huggingface.co/cybershiptrooper/InterpBench/blob/main/103/ll_model.pth,https://huggingface.co/cybershiptrooper/InterpBench/blob/main/103/edges.pkl,3,24,10,6,custom,4,96,gelu,13,1e-05,True,True,True,True,False,False,,False,,gpt2,,1,bidirectional,False,0.0,0.10787197799411874,True,False,standard,False,11,False,20736,False,False,True,torch.float32,False,False,10000,False,False,False,/circuits-benchmark/results,0.05,0.001,True,1.0,0.4,0.4,1000.0,99.9,gelu,True,True,0.1,linear,strict,False,67.0,256.0,False,True,"val/accuracy,val/IIA,val/strict_accuracy",sample_all,all,True,,True,,True,,,True,
56,https://huggingface.co/cybershiptrooper/InterpBench/tree/main/56,Sets every third element to zero.,10,4,https://huggingface.co/cybershiptrooper/InterpBench/blob/main/56/ll_model_cfg.pkl,https://huggingface.co/cybershiptrooper/InterpBench/blob/main/56/meta.json,https://huggingface.co/cybershiptrooper/InterpBench/blob/main/56/ll_model.pth,https://huggingface.co/cybershiptrooper/InterpBench/blob/main/56/edges.pkl,2,4,10,1,custom,4,16,gelu,13,1e-05,True,True,True,True,False,False,,False,,gpt2,,1,causal,False,0.0,0.13333333333333333,True,False,standard,False,11,False,384,False,False,True,torch.float32,False,False,10000,False,False,False,/circuits-benchmark/results,0.05,0.001,True,1.0,0.4,0.4,1000.0,99.9,gelu,True,True,0.1,linear,strict,False,67.0,256.0,False,True,"val/accuracy,val/IIA,val/strict_accuracy",sample_all,all,True,,True,,True,,,True,
97,https://huggingface.co/cybershiptrooper/InterpBench/tree/main/97,Scale a sequence by its maximum element.,10,4,https://huggingface.co/cybershiptrooper/InterpBench/blob/main/97/ll_model_cfg.pkl,https://huggingface.co/cybershiptrooper/InterpBench/blob/main/97/meta.json,https://huggingface.co/cybershiptrooper/InterpBench/blob/main/97/ll_model.pth,https://huggingface.co/cybershiptrooper/InterpBench/blob/main/97/edges.pkl,3,200,10,50,custom,4,800,gelu,13,1e-05,True,True,True,True,False,False,,False,,gpt2,,1,bidirectional,False,0.0,0.05405899027195888,True,False,standard,False,64,False,1440000,False,False,True,torch.float32,False,False,10000,False,False,False,/circuits-benchmark/results,0.05,0.001,True,1.0,0.4,0.4,1000.0,99.9,gelu,True,True,0.1,linear,strict,False,82.0,256.0,False,True,"val/accuracy,val/IIA,val/strict_accuracy",sample_all,all,True,,True,,True,,,True,
49,https://huggingface.co/cybershiptrooper/InterpBench/tree/main/49,Decrements each element in the sequence until it becomes a multiple of 3.,10,4,https://huggingface.co/cybershiptrooper/InterpBench/blob/main/49/ll_model_cfg.pkl,https://huggingface.co/cybershiptrooper/InterpBench/blob/main/49/meta.json,https://huggingface.co/cybershiptrooper/InterpBench/blob/main/49/ll_model.pth,https://huggingface.co/cybershiptrooper/InterpBench/blob/main/49/edges.pkl,2,4,10,1,custom,4,16,gelu,13,1e-05,True,True,True,True,False,False,,False,,gpt2,,1,causal,False,0.0,0.15689290811054724,True,False,standard,False,4,False,384,False,False,True,torch.float32,False,False,10000,False,False,False,/circuits-benchmark/results,0.05,0.001,True,1.0,0.4,0.7,1000.0,99.9,gelu,True,True,0.1,linear,strict,False,92.0,256.0,False,True,"val/accuracy,val/IIA,val/strict_accuracy",sample_all,all,True,,True,,True,,,True,
46,https://huggingface.co/cybershiptrooper/InterpBench/tree/main/46,Decrements each element in the sequence by 1,10,4,https://huggingface.co/cybershiptrooper/InterpBench/blob/main/46/ll_model_cfg.pkl,https://huggingface.co/cybershiptrooper/InterpBench/blob/main/46/meta.json,https://huggingface.co/cybershiptrooper/InterpBench/blob/main/46/ll_model.pth,https://huggingface.co/cybershiptrooper/InterpBench/blob/main/46/edges.pkl,2,4,10,1,custom,4,16,gelu,13,1e-05,True,True,True,True,False,False,,False,,gpt2,,1,causal,False,0.0,0.1392621247645583,True,False,standard,False,11,False,384,False,False,True,torch.float32,False,False,10000,False,False,False,/circuits-benchmark/results,0.05,0.001,True,1.0,0.4,0.7,1000.0,99.9,gelu,True,True,0.1,linear,strict,False,67.0,256.0,False,True,"val/accuracy,val/IIA,val/strict_accuracy",sample_all,all,True,,True,,True,,,True,
